{"flutter":{"platforms":{"android":{"default":{"projectId":"to-do-apps-5cdca","appId":"1:703592972172:android:c1b892866309bf75f3e0a9","fileOutput":"android/app/google-services.json"}},"dart":{"lib/firebase_options.dart":{"projectId":"to-do-apps-5cdca","configurations":{"android":"1:703592972172:android:c1b892866309bf75f3e0a9","ios":"1:703592972172:ios:20a653092b0be283f3e0a9","macos":"1:703592972172:ios:20a653092b0be283f3e0a9","web":"1:703592972172:web:24d0f1f37df980a5f3e0a9","windows":"1:703592972172:web:1025a2f0727648bbf3e0a9"}}}}}}